{
  "project_info": {
    "project_number": "1027034214353",
    "firebase_url": "https://visual-search-42a5d.firebaseio.com",
    "project_id": "visual-search-42a5d",
    "storage_bucket": "visual-search-42a5d.appspot.com"
  },
  "client": [
    {
      "client_info": {
        "mobilesdk_app_id": "1:1027034214353:android:6536f323f3e771af",
        "android_client_info": {
          "package_name": "dev.marshall.visualsearch"
        }
      },
      "oauth_client": [
        {
          "client_id": "1027034214353-9jlgugd1f6mm9ju2usni2m3s72qkng7t.apps.googleusercontent.com",
          "client_type": 1,
          "android_info": {
            "package_name": "dev.marshall.visualsearch",
            "certificate_hash": "0edc545e9d27d74d9649a4bff8a518347e384cff"
          }
        }
      ],
      "api_key": [
        {
          "current_key": "AIzaSyCuWu9lJ6x8xicaHNzfjj2ANm5BzPjVjDw"
        }
      ],
      "services": {
        "appinvite_service": {
          "other_platform_oauth_client": [
            {
              "client_id": "1027034214353-b6fgo0mfmkdis1nckbregu5k89als56l.apps.googleusercontent.com",
              "client_type": 3
            }
          ]
        }
      }
    }
  ],
  "configuration_version": "1"
}